timestamps,words,terms,,,,,Marker
53365.111083918,1,A,58.472164154052734,188.13462829589844,184.29013061523438,117.74899291992188,0
53365.11158476,1,A,129.64012145996094,161.40194702148438,180.84796142578125,178.76925659179688,0
53365.113049766,1,A,111.26698303222656,129.57305908203125,172.7566375732422,184.49130249023438,0
53365.113542714,1,A,99.3311538696289,141.68771362304688,183.75369262695312,150.7401580810547,0
53365.115122809,1,A,107.55659484863281,193.05201721191406,253.2676239013672,156.32809448242188,0
53365.115636097,1,A,43.27297592163086,132.61289978027344,149.8684539794922,151.67893981933594,0
53365.117121293,1,A,64.82006072998047,122.28639221191406,183.26194763183594,137.5973358154297,0
53365.117603382,1,A,88.19998168945312,129.1260223388672,212.8556671142578,142.78294372558594,0
53365.119147405,1,A,109.1659164428711,144.10169982910156,196.22596740722656,129.23779296875,0
53365.119670637,1,A,111.44580078125,140.2572021484375,167.70513916015625,166.07345581054688,0
53365.121258178,1,A,136.97149658203125,169.716796875,216.2531280517578,137.19500732421875,0
53365.121748816,1,A,115.20088958740234,123.98512268066406,223.71861267089844,148.77320861816406,0
53365.16066597,1,A,136.882080078125,190.32510375976562,209.45819091796875,134.6916046142578,0
53365.161107013,1,A,164.59825134277344,122.01817321777344,165.42526245117188,155.07640075683594,0
53365.162216295,1,A,125.61680603027344,153.66824340820312,198.59524536132812,219.18121337890625,0
53365.162638305,1,A,129.72952270507812,95.15137481689453,188.31344604492188,172.64486694335938,0
53365.163743717,1,A,157.66920471191406,139.94427490234375,207.62535095214844,185.92181396484375,0
53365.164184481,1,A,170.45440673828125,162.69834899902344,235.02859497070312,202.0597686767578,0
53365.165301821,1,A,213.0121307373047,190.63803100585938,163.2794952392578,196.15890502929688,0
53365.165746712,1,A,128.65664672851562,168.867431640625,240.79534912109375,194.95191955566406,0
53365.21067412,1,A,167.5933837890625,212.095703125,250.0936737060547,177.78578186035156,0
53365.211137913,1,A,130.53419494628906,161.13372802734375,234.31333923339844,140.63717651367188,0
53365.212240308,1,A,127.00260925292969,160.01614379882812,251.34536743164062,179.1715850830078,0
53365.212666066,1,A,160.172607421875,144.32521057128906,213.12388610839844,173.3154296875,0
53365.213785282,1,A,184.2677764892578,202.88677978515625,274.05474853515625,127.67316436767578,0
53365.214243742,1,A,187.57583618164062,167.21339416503906,247.59027099609375,142.06768798828125,0
53365.215392389,1,A,213.10153198242188,154.20468139648438,271.10430908203125,145.50985717773438,0
53365.215809652,1,A,241.6223602294922,106.3719482421875,223.6739044189453,113.77037811279297,0
53365.260673577,1,A,191.3309326171875,163.45831298828125,243.7904815673828,179.84213256835938,0
53365.261106607,1,A,180.33387756347656,129.57305908203125,237.88961791992188,134.9598388671875,0
53365.262227073,1,A,232.27932739257812,130.5118408203125,242.13644409179688,151.00839233398438,0
53365.262648471,1,A,185.5194854736328,133.283447265625,243.34344482421875,232.234619140625,0
53365.263690072,1,A,238.4931182861328,114.32917022705078,230.55824279785156,148.54969787597656,0
53365.264134209,1,A,150.5613555908203,118.57600402832031,279.1956481933594,165.3582000732422,0
53365.265245168,1,A,183.59722900390625,110.43997192382812,205.47958374023438,176.17645263671875,0
53365.2656853,1,A,218.42124938964844,124.61097717285156,262.4765319824219,162.89952087402344,0
53365.266871694,1,A,160.66433715820312,181.51852416992188,253.625244140625,212.11805725097656,0
53365.267285315,1,A,240.1918487548828,141.330078125,259.5260925292969,182.12200927734375,0
53365.268407734,1,A,225.26087951660156,183.88780212402344,243.1199188232422,193.38729858398438,0
53365.268820506,1,A,231.2958526611328,175.5282440185547,293.9477844238281,140.0560302734375,0
53365.310940393,1,A,312.1644592285156,171.77316284179688,251.56887817382812,176.44467163085938,0
53365.311451847,1,A,261.9177551269531,212.945068359375,280.5367431640625,173.4495391845703,0
53365.312642527,1,A,330.4928894042969,168.64390563964844,277.0051574707031,165.6264190673828,0
53365.313086095,1,A,246.8526611328125,182.90432739257812,223.1821746826172,95.84427642822266,0
53365.314283288,1,A,209.39114379882812,170.4767608642578,297.38995361328125,186.77117919921875,0
53365.314792221,1,A,293.9254455566406,208.11709594726562,302.44146728515625,193.07437133789062,0
53365.316006756,1,A,285.2529602050781,200.91983032226562,267.8856506347656,171.88491821289062,0
53365.316479203,1,A,263.1247253417969,204.8090362548828,254.6087188720703,212.4309844970703,0
53365.317806606,1,A,238.0907745361328,195.19778442382812,280.00030517578125,168.666259765625,0
53365.318282069,1,A,228.7477569580078,204.5408172607422,293.3219299316406,179.7974395751953,0
53365.360618248,1,A,247.92555236816406,216.2531280517578,211.3804473876953,156.2386932373047,0
53365.361043313,1,A,279.5309143066406,189.4310302734375,235.02859497070312,178.50103759765625,0
53365.362195458,1,A,243.99163818359375,201.7244873046875,273.87591552734375,191.6885528564453,0
53365.362622485,1,A,246.22682189941406,165.29115295410156,219.33766174316406,180.19976806640625,0
53365.364334301,1,A,266.9245300292969,189.02870178222656,259.9284362792969,163.03363037109375,0
53365.3649313,1,A,281.1402282714844,215.31436157226562,233.0616455078125,168.88978576660156,0
53365.366346074,1,A,238.26959228515625,147.94619750976562,252.82058715820312,158.8314971923828,0
53365.36680604,1,A,303.9837341308594,184.51365661621094,266.5892639160156,183.32901000976562,0
53365.368000116,1,A,291.15380859375,179.8197784423828,276.1111145019531,130.35537719726562,0
53365.368442034,1,A,329.8670349121094,162.3854217529297,274.4570617675781,244.03634643554688,0
53365.410997036,1,A,253.1111602783203,166.00640869140625,228.09954833984375,143.9899444580078,0
53365.411529427,1,A,219.04708862304688,194.57192993164062,273.4736022949219,182.83726501464844,0
53365.412703675,1,A,287.9351806640625,193.72256469726562,273.6076965332031,211.00047302246094,0
53365.413157579,1,A,249.6689910888672,189.9227752685547,307.0458984375,131.96470642089844,0
53365.414310434,1,A,208.94410705566406,187.0170440673828,234.0451202392578,147.07447814941406,0
53365.414752689,1,A,277.56396484375,174.54476928710938,211.73806762695312,176.3552703857422,0
53365.415946835,1,A,251.14419555664062,179.462158203125,226.8031463623047,224.27740478515625,0
53365.41641497,1,A,242.5164337158203,135.87625122070312,245.31039428710938,214.26382446289062,0
53365.417606775,1,A,264.55523681640625,243.7457733154297,278.4803771972656,131.24945068359375,0
53365.418131994,1,A,291.2879333496094,158.80914306640625,256.03924560546875,225.48440551757812,0
53365.460610037,1,A,197.63412475585938,168.55450439453125,236.3249969482422,163.83828735351562,0
53365.461050592,1,A,276.62518310546875,213.7050323486328,251.70298767089844,171.79550170898438,0
53365.46226109,1,A,302.15087890625,211.02281188964844,307.4482421875,169.3815155029297,0
53365.462711117,1,A,199.4669647216797,185.5418243408203,281.3414001464844,162.63128662109375,0
53365.463813942,1,A,204.1161346435547,183.708984375,237.88961791992188,133.3952178955078,0
53365.464250929,1,A,287.8904724121094,193.40963745117188,292.3384704589844,208.76528930664062,0
53365.465343726,1,A,265.2705078125,190.10159301757812,318.1770935058594,165.1346893310547,0
53365.465781207,1,A,238.31430053710938,179.10452270507812,249.19960021972656,184.9830322265625,0
53365.467007849,1,A,297.99346923828125,154.69642639160156,231.8099365234375,171.1249542236328,0
53365.467481081,1,A,277.6086730957031,202.2162322998047,227.0713653564453,174.9247589111328,0
53365.510682829,1,A,226.4231719970703,198.05880737304688,231.98875427246094,167.54867553710938,0
53365.511131044,1,A,251.45712280273438,218.7565155029297,296.1829528808594,173.6730499267578,0
53365.512210835,1,A,227.6301727294922,202.39505004882812,277.5863037109375,204.83139038085938,0
53365.512653412,1,A,251.81475830078125,137.61968994140625,281.6543273925781,218.3765411376953,0
53365.513922638,1,A,230.26766967773438,137.03854370117188,301.3238525390625,108.62947845458984,0
53365.514351463,1,A,287.7116394042969,179.90919494628906,264.0858459472656,171.57199096679688,0
53365.515624365,1,A,230.98292541503906,218.8012237548828,232.03346252441406,169.33682250976562,0
53365.51606078,1,A,239.70010375976562,172.71192932128906,240.482421875,163.9276885986328,0
53365.517379972,1,A,346.228515625,196.58358764648438,250.04896545410156,198.08116149902344,0
53365.517802689,1,A,235.18505859375,130.28831481933594,243.6563720703125,168.08511352539062,0
53365.518984478,1,A,294.7301025390625,156.4398651123047,225.7302703857422,148.63909912109375,0
53365.519737434,1,A,261.78363037109375,131.89764404296875,290.2821044921875,109.61295318603516,0
53365.521362969,1,A,236.2579345703125,170.16383361816406,243.83517456054688,208.58648681640625,0
53365.521958234,1,A,256.821533203125,217.41542053222656,293.3219299316406,170.9014434814453,0
53365.523239289,1,A,270.27728271484375,243.2540283203125,302.1285400390625,144.4369659423828,0
53365.52368627,1,A,264.0635070800781,208.6982421875,226.04319763183594,192.58262634277344,0
53365.524984191,1,A,284.1353759765625,176.60113525390625,284.56005859375,157.75860595703125,0
53365.525434647,1,A,231.11703491210938,169.98501586914062,312.3656311035156,174.43301391601562,0
53365.56104169,1,A,236.83908081054688,181.69732666015625,293.903076171875,199.55638122558594,0
53365.561516088,1,A,225.08206176757812,205.25607299804688,317.4618225097656,176.04234313964844,0
53365.562691788,1,A,253.826416015625,196.22596740722656,266.4104309082031,181.27264404296875,0
53365.563114175,1,A,276.0440368652344,181.74203491210938,294.1266174316406,241.2647247314453,0
53365.564255028,1,A,260.8895568847656,188.76048278808594,244.32691955566406,199.64578247070312,0
53365.564704139,1,A,216.6331024169922,185.49713134765625,273.6971130371094,168.93447875976562,0
53365.610864494,1,A,302.01678466796875,190.7721405029297,320.1887512207031,179.0374755859375,0
53365.61146545,1,A,242.6952362060547,217.63893127441406,317.90887451171875,149.98020935058594,0
53365.61309728,1,A,259.5931701660156,187.91111755371094,296.6747131347656,176.712890625,0
53365.613583908,1,A,244.7963104248047,153.04238891601562,274.27825927734375,165.7605438232422,0
53365.615064351,1,A,253.424072265625,160.55258178710938,325.77667236328125,153.60118103027344,0
53365.615533058,1,A,278.5921325683594,169.8061981201172,303.4249267578125,212.83331298828125,0
53365.662008147,1,A,255.92747497558594,185.00538635253906,249.5125274658203,187.53114318847656,0
53365.662795244,1,A,236.70497131347656,163.77122497558594,250.98773193359375,200.18222045898438,0
53365.665084841,1,A,248.99842834472656,146.38157653808594,315.94189453125,225.5738067626953,0
53365.665774088,1,A,251.3677215576172,179.95388793945312,322.0215759277344,204.56317138671875,0
53365.66804171,1,A,223.42803955078125,172.53311157226562,242.0470428466797,137.06089782714844,0
53365.668732133,1,A,272.8700866699219,222.24339294433594,274.814697265625,210.8216552734375,0
53365.670978632,1,A,176.4893798828125,188.67108154296875,258.721435546875,193.96844482421875,0
53365.671665926,1,A,212.83331298828125,173.2483673095703,278.74859619140625,161.60311889648438,0
53365.673941788,1,A,238.0907745361328,190.4145050048828,243.43284606933594,208.3629608154297,0
53365.674704342,1,A,270.3219909667969,165.15704345703125,297.5240783691406,233.6204376220703,0
53365.710916892,1,A,215.42611694335938,162.3854217529297,248.57374572753906,209.61465454101562,0
53365.711395405,1,A,225.21617126464844,196.40478515625,279.9555969238281,184.58070373535156,0
53365.712515871,1,A,272.2442626953125,167.3028106689453,234.80506896972656,166.0287628173828,0
53365.712956675,1,A,200.2269287109375,146.24746704101562,298.9098815917969,169.87326049804688,0
53365.714159151,1,A,241.30943298339844,187.6428985595703,236.14617919921875,150.82957458496094,0
53365.714603883,1,A,259.45904541015625,220.142333984375,278.614501953125,168.48745727539062,0
53365.715753404,1,A,266.0751647949219,193.27552795410156,262.83416748046875,147.70033264160156,0
53365.716192374,1,A,237.6437530517578,178.38926696777344,288.2257385253906,97.58771514892578,0
53365.717496794,1,A,262.85650634765625,221.39402770996094,274.9934997558594,161.3795928955078,0
53365.71797873,1,A,300.899169921875,174.5000762939453,291.84674072265625,167.28045654296875,0
53365.760654159,1,A,262.320068359375,198.86346435546875,297.3452453613281,130.57888793945312,0
53365.761077529,1,A,249.13253784179688,165.8275909423828,279.2403564453125,237.19671630859375,0
53365.762267362,1,A,244.3939666748047,205.4348907470703,280.313232421875,244.75160217285156,0
53365.762691207,1,A,236.66026306152344,166.14051818847656,227.02667236328125,168.88978576660156,0
53365.763814295,1,A,251.725341796875,213.39210510253906,221.3493194580078,169.73915100097656,0
53365.764255034,1,A,276.8934020996094,212.67684936523438,288.35986328125,219.8517608642578,0
53365.765367649,1,A,235.45327758789062,186.21238708496094,243.29873657226562,180.42327880859375,0
53365.765948407,1,A,247.52322387695312,207.75946044921875,301.4579772949219,164.3300323486328,0
53365.7676934,1,A,252.4853057861328,152.0589141845703,294.84185791015625,166.29698181152344,0
53365.768197741,1,A,248.9537353515625,216.0296173095703,235.29681396484375,213.4591522216797,0
53365.810910569,1,A,234.335693359375,213.25799560546875,251.65829467773438,211.98394775390625,0
53365.811380576,1,A,258.0732421875,196.2706756591797,266.8127746582031,188.7828369140625,0
53365.812494804,1,A,266.7457275390625,135.6974334716797,292.606689453125,163.34654235839844,0
53365.812905828,1,A,255.16751098632812,187.6428985595703,245.89154052734375,147.1191864013672,0
53365.81418788,1,A,240.68357849121094,159.16677856445312,228.85951232910156,148.05795288085938,0
53365.814634684,1,A,269.3385314941406,173.29307556152344,247.8137969970703,203.04324340820312,0
53365.815821797,1,A,267.5950927734375,232.97222900390625,250.3171844482422,192.76144409179688,0
53365.816262694,1,A,298.7981262207031,207.26773071289062,236.99554443359375,164.73236083984375,0
53365.860627947,1,A,279.79913330078125,203.8255615234375,277.0945739746094,188.96165466308594,0
53365.861039861,1,A,247.5679168701172,196.31536865234375,264.1752624511719,152.8412322998047,0
53365.862237808,1,A,286.37054443359375,126.22029876708984,256.7991943359375,128.20960998535156,0
53365.862671962,1,A,267.37158203125,177.8975372314453,231.13938903808594,191.1968231201172,0
53365.864369465,1,A,91.88802337646484,112.42927551269531,192.3814697265625,115.62557220458984,0
53365.865492287,1,A,53.53242874145508,111.22228240966797,137.70909118652344,150.9413299560547,0
53365.865969298,1,A,94.79374694824219,104.69557189941406,194.3037109375,176.95875549316406,0
53365.867087337,1,A,114.32917022705078,133.3505096435547,148.7508544921875,112.67514038085938,0
53365.867641062,1,A,56.30404281616211,144.97341918945312,141.1065673828125,143.7887725830078,0
53365.868783919,1,A,104.36029815673828,96.8277587890625,142.85000610351562,227.87603759765625,0
53365.869223822,1,A,84.60135650634766,169.02389526367188,204.6749267578125,176.064697265625,0
53365.910655409,1,A,81.24858856201172,87.44002532958984,135.384521484375,90.7257308959961,0
53365.911073763,1,A,69.75979614257812,107.37777709960938,212.3192138671875,115.13383483886719,0
53365.912083361,1,A,128.14254760742188,105.67904663085938,211.06752014160156,129.1707305908203,0
53365.912476888,1,A,126.04148864746094,113.68096923828125,188.08993530273438,175.03651428222656,0
53365.913496611,1,A,144.7275390625,143.00645446777344,173.6060028076172,155.90341186523438,0
53365.913904714,1,A,128.67898559570312,143.72171020507812,209.27938842773438,135.6080322265625,0
53365.914992949,1,A,118.97833251953125,146.5380401611328,222.10928344726562,192.64968872070312,0
53365.915405001,1,A,76.28650665283203,85.11544036865234,189.2969207763672,179.77508544921875,0
53365.916491177,1,A,141.06185913085938,123.11341094970703,246.2938690185547,149.19789123535156,0
53365.917029978,1,A,70.78797149658203,122.0852279663086,202.61856079101562,191.21917724609375,0
53365.918197855,1,A,73.87251281738281,101.25340270996094,208.34060668945312,144.280517578125,0
53365.918620392,1,A,89.1611099243164,122.84518432617188,209.14527893066406,203.55734252929688,0
53365.961173679,1,A,175.9305877685547,88.28939056396484,202.30563354492188,155.4563751220703,0
53365.961657952,1,A,145.53221130371094,137.41851806640625,217.99656677246094,171.46023559570312,0
53365.963005256,1,A,139.94427490234375,140.63717651367188,235.7438507080078,169.13565063476562,0
53365.963486913,1,A,87.90940856933594,106.7519302368164,209.6817169189453,185.0948028564453,0
53366.010662823,1,A,125.46034240722656,77.87347412109375,193.0967254638672,161.22312927246094,0
53366.011091541,1,A,120.45355224609375,180.28916931152344,240.08009338378906,136.72561645507812,0
53366.012175882,1,A,79.2816390991211,91.06100463867188,228.59129333496094,110.66349029541016,0
53366.012574622,1,A,110.79759979248047,85.51777648925781,229.53005981445312,162.87716674804688,0
53366.01433024,1,A,113.70332336425781,87.30591583251953,252.41824340820312,194.2143096923828,0
53366.015056795,1,A,124.61097717285156,92.71503448486328,179.14923095703125,129.885986328125,0
53366.016415078,1,A,120.67707061767578,137.95497131347656,166.72166442871094,140.07838439941406,0
53366.016896682,1,A,198.72935485839844,107.86952209472656,242.5387725830078,131.40589904785156,0
53366.060941769,1,A,112.58573913574219,103.66738891601562,238.73898315429688,145.04046630859375,0
53366.061462729,1,A,106.86369323730469,141.30772399902344,185.67593383789062,63.41189956665039,0
53366.062704049,1,A,118.08426666259766,82.12030792236328,161.26783752441406,166.4534454345703,0
53366.063154267,1,A,124.52156829833984,165.8946533203125,236.50381469726562,155.99282836914062,0
53366.064319115,1,A,131.584716796875,86.2330322265625,200.69631958007812,145.1298828125,0
53366.06478577,1,A,111.78107452392578,56.5499153137207,183.08314514160156,151.9248046875,0
53366.065991918,1,A,103.28741455078125,107.19896697998047,210.79930114746094,223.4503936767578,0
53366.066466534,1,A,72.0396728515625,145.95689392089844,249.19960021972656,127.5167007446289,0
53366.067671681,1,A,96.31366729736328,126.15324401855469,221.17051696777344,138.24554443359375,0
53366.068260608,1,A,76.8676528930664,77.64996337890625,201.05393981933594,171.86256408691406,0
53366.110636339,1,A,178.34457397460938,79.12517547607422,224.12094116210938,118.84422302246094,0
53366.111055788,1,A,87.01534271240234,85.02603912353516,186.43589782714844,157.02101135253906,0
53366.112138327,1,A,126.6673355102539,33.527618408203125,232.48049926757812,112.0492935180664,0
53366.112559166,1,A,138.42434692382812,123.6945571899414,248.57374572753906,142.62648010253906,0
53366.113605146,1,A,51.967803955078125,131.0706329345703,169.18035888671875,136.90443420410156,0
53366.114081067,1,A,120.00651550292969,80.28746795654297,166.22991943359375,88.62466430664062,0
53366.115199904,1,A,129.1707305908203,99.86759185791016,271.10430908203125,102.66156005859375,0
53366.115640457,1,A,123.53809356689453,79.34869384765625,165.38055419921875,137.70909118652344,0
53366.116766122,1,A,84.73546600341797,124.72273254394531,192.06854248046875,81.8297348022461,0
53366.117185614,1,A,132.61289978027344,103.399169921875,212.63214111328125,163.77122497558594,0
53366.161153886,1,A,118.53130340576172,121.05704498291016,240.52711486816406,186.9723358154297,0
53366.161693686,1,A,112.58573913574219,90.92689514160156,233.82159423828125,143.29702758789062,0
53366.163401687,1,A,105.3437728881836,115.87144470214844,265.60577392578125,155.76930236816406,0
53366.163964484,1,A,125.90737915039062,125.79561614990234,197.83529663085938,165.87229919433594,0
53366.165523232,1,A,82.27677154541016,120.02886962890625,176.86935424804688,100.11346435546875,0
53366.166056698,1,A,173.91893005371094,103.17565155029297,207.9382781982422,151.34365844726562,0
53366.167594022,1,A,152.99769592285156,67.23404693603516,278.9721374511719,174.23184204101562,0
53366.168082415,1,A,139.05020141601562,115.46910858154297,220.81288146972656,160.5972900390625,0
53366.170089313,1,A,114.06095123291016,115.06678009033203,191.21917724609375,164.9335174560547,0
53366.170820143,1,A,100.24757385253906,138.75962829589844,197.1200408935547,134.31163024902344,0
53366.211390616,1,A,147.49916076660156,103.62268829345703,216.61074829101562,183.12783813476562,0
53366.212002226,1,A,109.5458984375,100.80636596679688,197.20944213867188,164.3523712158203,0
53366.213717093,1,A,107.71305847167969,129.3271942138672,220.142333984375,201.2774658203125,0
53366.214301579,1,A,101.94630432128906,141.8888702392578,242.0917510986328,172.80133056640625,0
53366.215939752,1,A,141.55360412597656,73.9842758178711,222.24339294433594,129.7518768310547,0
53366.216472535,1,A,99.57701873779297,111.84812927246094,206.2395477294922,128.50018310546875,0
53366.218066794,1,A,41.417781829833984,134.1104736328125,248.126708984375,208.51942443847656,0
53366.218591597,1,A,93.31853485107422,95.75487518310547,168.28628540039062,175.75177001953125,0
53366.220236766,1,A,114.15036010742188,97.6324234008789,213.34739685058594,153.5341339111328,0
53366.220769742,1,A,118.17367553710938,160.12789916992188,223.58450317382812,178.34457397460938,0
53366.261181023,1,A,114.73150634765625,104.78498077392578,212.63214111328125,165.469970703125,0
53366.261730434,1,A,116.20671844482422,114.21741485595703,178.43397521972656,144.8616485595703,0
53366.263405472,1,A,82.05325317382812,126.9132080078125,208.65353393554688,162.87716674804688,0
53366.263923206,1,A,86.38949584960938,165.71583557128906,237.48728942871094,194.84014892578125,0
53366.265497125,1,A,118.6207046508789,125.52739715576172,223.00335693359375,164.44178771972656,0
53366.266036283,1,A,108.87535095214844,163.7935791015625,257.3803405761719,129.93069458007812,0
53366.267610352,1,A,163.19007873535156,109.38943481445312,172.62252807617188,176.33291625976562,0
53366.268130625,1,A,86.12126922607422,85.3836669921875,172.35430908203125,147.63327026367188,0
53366.269715692,1,A,92.3797607421875,84.26607513427734,178.25515747070312,132.03175354003906,0
53366.270246982,1,A,115.31265258789062,102.99684143066406,184.3348388671875,197.6117706298828,0
53366.311180552,1,A,135.20570373535156,142.78294372558594,254.474609375,185.40771484375,0
53366.311734891,1,A,116.7878646850586,81.5391616821289,207.04420471191406,121.97347259521484,0
53366.313332725,1,A,136.50210571289062,104.78498077392578,182.6361083984375,171.46023559570312,0
53366.313867527,1,A,127.02496337890625,107.78011322021484,206.82069396972656,131.80824279785156,0
53366.315435045,1,A,122.28639221191406,115.82673645019531,220.3658447265625,135.20570373535156,0
53366.315952067,1,A,95.91133880615234,95.62076568603516,212.14041137695312,167.57102966308594,0
53366.317529485,1,A,110.12704467773438,144.1687469482422,253.89346313476562,151.2095489501953,0
53366.318081727,1,A,96.85010528564453,106.03667449951172,227.78662109375,147.677978515625,0
53366.319835489,1,A,135.29510498046875,161.7372283935547,180.8032684326172,139.09490966796875,0
53366.320627135,1,A,166.5428466796875,133.52932739257812,235.833251953125,150.49429321289062,0
53366.360891513,1,A,107.62364959716797,157.26687622070312,257.2462158203125,129.70716857910156,0
53366.361363878,1,A,56.43815612792969,81.76268005371094,228.01014709472656,141.1959686279297,0
53366.362523932,1,A,97.02892303466797,119.58183288574219,203.37852478027344,129.9753875732422,0
53366.36293601,1,A,119.69358825683594,148.9520263671875,212.0063018798828,139.4078369140625,0
53366.363993439,1,A,111.73637390136719,167.77218627929688,199.98106384277344,155.4563751220703,0
53366.364394209,1,A,61.53435134887695,114.84326171875,234.58155822753906,139.1396026611328,0
53366.365424258,1,A,140.88304138183594,96.64894104003906,212.7215576171875,120.90058898925781,0
53366.365789339,1,A,99.88994598388672,93.74321746826172,203.24441528320312,119.87240600585938,0
53366.367005543,1,A,111.69166564941406,123.56044006347656,179.5962677001953,106.64017486572266,0
53366.367481836,1,A,142.58177185058594,136.97149658203125,233.73219299316406,136.77032470703125,0
53366.410814849,1,A,162.6536407470703,141.44183349609375,205.16665649414062,149.33200073242188,0
53366.41142599,1,A,66.67525482177734,99.42056274414062,234.7603759765625,127.24848175048828,0
53366.413040902,1,A,167.3028106689453,110.14939880371094,251.7924041748047,147.00741577148438,0
53366.413622018,1,A,169.26976013183594,137.3738250732422,195.55540466308594,150.3601837158203,0
53366.414971145,1,A,105.83551025390625,145.33103942871094,200.69631958007812,148.16970825195312,0
53366.415420609,1,A,110.17174530029297,104.2038345336914,178.79161071777344,161.40194702148438,0
53366.416564059,1,A,145.53221130371094,135.85389709472656,264.53289794921875,202.66326904296875,0
53366.417019401,1,A,126.93555450439453,97.8559341430664,235.43092346191406,103.37681579589844,0
53366.418257966,1,A,21.3906192779541,95.3525390625,205.12196350097656,128.76840209960938,0
53366.418713706,1,A,49.46440887451172,78.1417007446289,231.85464477539062,143.7887725830078,0
53366.462083096,1,A,95.01726531982422,134.06576538085938,269.80792236328125,153.35531616210938,0
53366.462869757,1,A,117.99485778808594,120.74412536621094,179.01512145996094,87.41767120361328,0
53366.465030165,1,A,72.62081909179688,139.1172637939453,126.89085388183594,157.2892303466797,0
53366.465734793,1,A,136.9491424560547,134.60220336914062,224.0315399169922,188.76048278808594,0
53366.46811115,1,A,98.0571060180664,52.705413818359375,185.85475158691406,122.77812957763672,0
53366.468829008,1,A,158.1385955810547,92.35740661621094,214.10736083984375,129.1260223388672,0
53366.560638343,1,A,134.93748474121094,118.41954040527344,209.10057067871094,176.1988067626953,0
53366.561133286,1,A,183.03843688964844,113.36804962158203,219.29296875,196.44947814941406,0
53366.562259294,1,A,155.41168212890625,99.1970443725586,193.67787170410156,175.662353515625,0
53366.562680654,1,A,100.51579284667969,13.589860916137695,118.71011352539062,130.28831481933594,0
53366.563803031,1,A,155.4563751220703,158.7867889404297,282.95074462890625,191.17446899414062,0
53366.564241178,1,A,113.16688537597656,133.52932739257812,279.5085754394531,143.96759033203125,0
53366.565398305,1,A,44.18939971923828,110.32820892333984,261.3142395019531,67.61402893066406,0
53366.566008414,1,A,54.068870544433594,176.04234313964844,274.412353515625,85.09309387207031,0
53366.567202951,1,A,51.65488052368164,112.83160400390625,264.8458251953125,100.02405548095703,0
53366.567678165,1,A,52.14662170410156,104.51675415039062,270.70196533203125,94.0337905883789,0
53366.568863003,1,A,67.1222915649414,145.33103942871094,247.9031982421875,78.78990173339844,0
53366.569337259,1,A,64.6635971069336,134.9598388671875,212.5874481201172,92.5585708618164,0
53366.570584625,1,A,101.36515808105469,104.0697250366211,238.2472381591797,129.34954833984375,0
53366.571086176,1,A,47.631568908691406,130.84710693359375,234.67095947265625,103.0191879272461,0
53366.572915867,1,A,68.41869354248047,167.86160278320312,287.42108154296875,89.60814666748047,0
53366.573447494,1,A,38.512054443359375,155.0316925048828,239.81185913085938,87.14945220947266,0
53366.574883749,1,A,37.30506134033203,91.37393188476562,242.76229858398438,101.3204574584961,0
53366.575423363,1,A,60.68498611450195,126.51087188720703,285.7670593261719,110.08234405517578,0
53366.611275879,1,A,17.367305755615234,138.93844604492188,246.427978515625,115.98320007324219,0
53366.611840917,1,A,96.98422241210938,134.78102111816406,293.8583984375,94.83845520019531,0
53366.613394668,1,A,95.19608306884766,177.38343811035156,261.7165832519531,87.5517807006836,0
53366.613946642,1,A,83.97550201416016,163.16773986816406,238.42605590820312,124.74508666992188,0
53366.615533471,1,A,44.18939971923828,131.785888671875,316.0760192871094,138.20083618164062,0
53366.616059956,1,A,61.087318420410156,149.26495361328125,357.4267578125,129.9753875732422,0
53366.660639752,1,A,67.39051055908203,99.68878173828125,290.05859375,55.767601013183594,0
53366.661089481,1,A,54.4712028503418,141.12892150878906,282.2801818847656,111.24462890625,0
53366.662165623,1,A,97.20773315429688,130.35537719726562,279.8215026855469,169.8061981201172,0
53366.662561419,1,A,75.4371337890625,120.29708862304688,332.6163024902344,114.59739685058594,0
53366.663692051,1,A,54.292388916015625,152.88592529296875,293.0984191894531,74.63247680664062,0
53366.66414101,1,A,58.71803283691406,161.1560821533203,291.66790771484375,124.87919616699219,0
53366.665675355,1,A,51.83369445800781,116.13966369628906,324.793212890625,106.77428436279297,0
53366.666236992,1,A,14.595688819885254,126.77909088134766,266.76806640625,71.32441711425781,0
53366.667353474,1,A,34.846370697021484,129.4613037109375,292.1149597167969,142.8052978515625,0
53366.66777291,1,A,66.98817443847656,204.83139038085938,242.13644409179688,101.00753021240234,0
53366.668869084,1,A,67.61402893066406,105.63434600830078,308.7446594238281,143.6546630859375,0
53366.669280993,1,A,66.18351745605469,143.72171020507812,302.9779052734375,111.69166564941406,0
53366.670411998,1,A,43.92117691040039,136.25624084472656,286.16937255859375,123.58279418945312,0
53366.670827377,1,A,59.29917907714844,157.8480224609375,306.1071472167969,67.39051055908203,0
53366.710676836,1,A,46.73749923706055,153.15415954589844,274.90411376953125,90.904541015625,0
53366.711119483,1,A,15.757979393005371,143.67701721191406,258.81085205078125,112.54103088378906,0
53366.712168649,1,A,70.47505187988281,116.58670043945312,262.5659484863281,125.77326965332031,0
53366.712599422,1,A,28.94550895690918,137.8655548095703,261.98480224609375,116.16201782226562,0
53366.715593936,1,A,34.44403839111328,157.7139129638672,315.6289978027344,95.24078369140625,0
53366.716197001,1,A,96.403076171875,145.0628204345703,337.2654724121094,159.8373260498047,0
53366.717950032,1,A,23.357572555541992,140.1901397705078,280.5814514160156,113.70332336425781,0
53366.718592439,1,A,14.640392303466797,150.96368408203125,266.4998474121094,105.03084564208984,0
53366.720015928,1,A,46.78219985961914,148.4602813720703,265.918701171875,122.24169158935547,0
53366.720574802,1,A,109.18827056884766,179.7974395751953,285.7670593261719,114.4185791015625,0
53366.761169575,1,A,54.73942184448242,150.47193908691406,222.8245391845703,86.21067810058594,0
53366.761638815,1,A,59.38858413696289,93.96673583984375,310.3539733886719,125.14741516113281,0
53366.762923405,1,A,53.93476104736328,149.75668334960938,278.6592102050781,150.40489196777344,0
53366.763370916,1,A,24.609270095825195,90.97160339355469,220.63406372070312,98.37002563476562,0
53366.764569823,1,A,26.397409439086914,171.30377197265625,303.3802185058594,39.8531608581543,0
53366.765012533,1,A,64.12715148925781,187.53114318847656,289.8797607421875,105.03084564208984,0
53366.810697938,1,A,57.86866760253906,86.90357971191406,292.4278869628906,101.85690307617188,0
53366.811159648,1,A,60.50617218017578,99.77819061279297,303.4249267578125,90.94924926757812,0
53366.812197444,1,A,116.0726089477539,164.46414184570312,322.5580139160156,146.9627227783203,0
53366.812588687,1,A,18.216670989990234,138.2678985595703,289.8797607421875,95.15137481689453,0
53366.813655347,1,A,25.41393280029297,145.778076171875,344.64154052734375,132.9258270263672,0
53366.814089378,1,A,42.8035888671875,129.50601196289062,274.72528076171875,126.17559814453125,0
53366.860710834,1,A,53.353614807128906,138.983154296875,263.9517517089844,107.93657684326172,0
53366.861160996,1,A,114.55268859863281,90.21163940429688,233.1510467529297,114.50798797607422,0
53366.862328388,1,A,15.087427139282227,140.681884765625,262.1636047363281,97.56536102294922,0
53366.862739562,1,A,22.55290985107422,199.5116729736328,308.5211181640625,101.36515808105469,0
53366.864488038,1,A,137.0161895751953,83.21554565429688,181.56321716308594,179.3280487060547,0
53366.865575559,1,A,81.13683319091797,129.34954833984375,132.43408203125,174.5894775390625,0
53366.866044146,1,A,56.86283874511719,135.83155822753906,167.34750366210938,171.1920166015625,0
53366.867285697,1,A,110.28350830078125,132.0764617919922,104.40499877929688,163.77122497558594,0
53366.867725678,1,A,101.8792495727539,103.46622467041016,120.9452896118164,172.48841857910156,0
53366.911197504,1,A,120.43119812011719,172.62252807617188,129.3942413330078,185.72064208984375,0
53366.91164164,1,A,68.93277740478516,42.758888244628906,176.4223175048828,158.31741333007812,0
53366.912816175,1,A,45.9998893737793,123.4933853149414,170.0744171142578,168.1074676513672,0
53366.913283502,1,A,56.5499153137207,142.71588134765625,123.3145751953125,130.3777313232422,0
53366.914533408,1,A,59.545047760009766,142.53707885742188,126.488525390625,126.488525390625,0
53366.915018986,1,A,99.77819061279297,179.5515594482422,133.86459350585938,136.27857971191406,0
53366.916205877,1,A,16.40618133544922,130.28831481933594,66.317626953125,101.72278594970703,0
53366.916700474,1,A,101.43221282958984,160.64198303222656,156.84219360351562,156.12693786621094,0
53366.918055637,1,A,-10.684133529663086,186.07827758789062,205.92662048339844,84.2884292602539,0
53366.918545876,1,A,78.27581024169922,163.8606414794922,98.41473388671875,75.03480529785156,0
53366.919842665,1,A,57.66749954223633,175.39413452148438,175.5282440185547,96.49247741699219,0
53366.92028424,1,A,89.76460266113281,172.35430908203125,143.92288208007812,136.72561645507812,0
53366.921407387,1,A,87.21650695800781,198.28231811523438,142.26885986328125,151.74598693847656,0
53366.921817127,1,A,34.376983642578125,154.2493896484375,130.24362182617188,129.93069458007812,0
53366.962743153,1,A,47.43040084838867,164.1288604736328,107.84716796875,78.11934661865234,0
53366.963181751,1,A,45.10581970214844,182.54669189453125,174.9470977783203,95.15137481689453,0
53366.964286488,1,A,65.35649871826172,191.6662139892578,134.4010467529297,64.7977066040039,0
53366.964678437,1,A,84.08726501464844,200.5175018310547,128.4107666015625,109.09886169433594,0
53367.010967561,1,A,77.56055450439453,114.32917022705078,130.0200958251953,131.2270965576172,0
53367.011462184,1,A,76.39826202392578,130.6012420654297,120.58766174316406,124.70038604736328,0
53367.01261757,1,A,85.20484924316406,167.70513916015625,112.13870239257812,98.32532501220703,0
53367.013036126,1,A,67.99400329589844,191.8450164794922,162.3854217529297,109.90352630615234,0
53367.014249474,1,A,105.0531997680664,173.56129455566406,149.1531982421875,97.78887939453125,0
53367.014700454,1,A,47.02806854248047,150.7178192138672,135.4739227294922,48.74915313720703,0
53367.015884208,1,A,57.3992805480957,142.35826110839844,137.35147094726562,77.40409088134766,0
53367.016326078,1,A,105.81315612792969,174.14244079589844,169.8509063720703,114.19506072998047,0
53367.060728645,1,A,63.1213264465332,184.4242401123047,123.80631256103516,108.56242370605469,0
53367.061188409,1,A,96.0230941772461,167.92864990234375,210.08404541015625,148.21441650390625,0
53367.062308662,1,A,55.11940002441406,157.42333984375,76.37590789794922,136.68092346191406,0
53367.062735851,1,A,36.43334197998047,206.10543823242188,130.19891357421875,70.29623413085938,0
53367.063777063,1,A,37.72974395751953,144.68284606933594,136.9491424560547,104.80732727050781,0
53367.064223415,1,A,102.5945053100586,128.3213653564453,162.83245849609375,26.93385124206543,0
53367.065379809,1,A,18.417837142944336,214.5096893310547,157.19981384277344,108.0259780883789,0
53367.065820357,1,A,34.68990707397461,185.40771484375,152.28244018554688,40.34489822387695,0
53367.067321556,2,B,87.57413482666016,181.83143615722656,138.73727416992188,101.05223846435547,0
53367.067819461,2,B,107.6012954711914,186.659423828125,133.86459350585938,107.44483184814453,0
53367.110776354,2,B,61.10966873168945,151.47776794433594,116.43023681640625,55.186458587646484,0
53367.111239939,2,B,77.06881713867188,112.0492935180664,145.04046630859375,76.59942626953125,0
53367.112264105,2,B,53.06304168701172,183.44076538085938,145.80043029785156,100.4710922241211,0
53367.112684553,2,B,80.95801544189453,142.49237060546875,113.03276824951172,59.5226936340332,0
53367.113726705,2,B,56.728729248046875,125.72856140136719,183.44076538085938,10.125340461730957,0
53367.114230866,2,B,45.821075439453125,146.6945037841797,123.3145751953125,121.57113647460938,0
53367.115371657,2,B,87.66354370117188,142.179443359375,151.03073120117188,140.480712890625,0
53367.115811162,2,B,48.54798889160156,137.35147094726562,131.85293579101562,167.61573791503906,0
53367.117072982,2,B,6.437302589416504,160.41847229003906,125.37093353271484,85.58483123779297,0
53367.117654657,2,B,81.13683319091797,187.77700805664062,122.28639221191406,132.79171752929688,0
53367.161401678,2,B,46.35751724243164,171.2814178466797,136.85972595214844,124.34275817871094,0
53367.162330851,2,B,51.99015808105469,156.0375213623047,128.0978546142578,99.26409912109375,0
53367.164876479,2,B,75.77241516113281,202.350341796875,128.00843811035156,99.44290924072266,0
53367.165599448,2,B,62.80840301513672,199.57872009277344,99.57701873779297,119.87240600585938,0
53367.167555886,2,B,38.7579231262207,170.0744171142578,158.94325256347656,158.94325256347656,0
53367.168123431,2,B,57.26517105102539,202.1268310546875,152.6400604248047,112.09400177001953,0
53367.169811203,2,B,58.203941345214844,174.5000762939453,129.3942413330078,63.948341369628906,0
53367.170371708,2,B,85.3836669921875,174.18714904785156,122.55461120605469,69.44686889648438,0
53367.171972199,2,B,53.42066955566406,133.50697326660156,132.03175354003906,121.7946548461914,0
53367.172500863,2,B,109.9258804321289,151.03073120117188,130.8694610595703,38.24383544921875,0
53367.211221648,2,B,35.89690017700195,174.63418579101562,165.6040802001953,138.0667266845703,0
53367.211789555,2,B,50.0232048034668,187.1064453125,122.59931945800781,172.08607482910156,0
53367.213401101,2,B,68.93277740478516,164.7100067138672,56.66167068481445,93.76557159423828,0
53367.213937945,2,B,92.1338882446289,130.7353515625,188.93930053710938,90.94924926757812,0
53367.215503326,2,B,82.1650161743164,166.3193359375,120.72177124023438,79.81807708740234,0
53367.216027868,2,B,129.81893920898438,227.51840209960938,103.10859680175781,179.64097595214844,0
53367.217582726,2,B,93.25148010253906,171.72845458984375,192.33676147460938,109.27767944335938,0
53367.218125673,2,B,70.54210662841797,173.47189331054688,121.74995422363281,122.91223907470703,0
53367.21962434,2,B,47.96684265136719,240.88475036621094,135.83155822753906,152.86358642578125,0
53367.220153429,2,B,87.61883544921875,248.2608184814453,134.8480682373047,80.309814453125,0
53367.260668354,2,B,48.682098388671875,125.23682403564453,124.65567779541016,102.39334106445312,0
53367.26110595,2,B,61.556705474853516,171.3261260986328,112.94336700439453,133.32815551757812,0
53367.262192675,2,B,64.86476135253906,168.19688415527344,164.9335174560547,58.40510940551758,0
53367.262588687,2,B,60.26030349731445,179.50686645507812,148.08030700683594,130.7353515625,0
53367.263737894,2,B,24.497512817382812,175.97528076171875,181.9208526611328,92.15624237060547,0
53367.264156405,2,B,44.703487396240234,162.4301300048828,117.23490142822266,114.64209747314453,0
53367.265281468,2,B,39.830806732177734,148.7508544921875,116.7878646850586,116.69845581054688,0
53367.265698124,2,B,80.10865020751953,161.5807647705078,111.24462890625,66.317626953125,0
53367.266841201,2,B,43.58590316772461,180.98207092285156,118.97833251953125,101.09693908691406,0
53367.267249988,2,B,114.75385284423828,164.79940795898438,160.99961853027344,191.2638702392578,0
53367.310576726,2,B,50.60435104370117,165.5593719482422,82.94732666015625,89.74225616455078,0
53367.310990162,2,B,95.88898468017578,155.90341186523438,157.46803283691406,83.3049545288086,0
53367.31207242,2,B,81.62857055664062,100.20287322998047,171.99667358398438,128.58958435058594,0
53367.312490902,2,B,45.73167037963867,173.7401123046875,120.72177124023438,146.78390502929688,0
53367.313600135,2,B,56.77342987060547,177.36109924316406,144.8616485595703,133.9987030029297,0
53367.314054901,2,B,65.8929443359375,169.26976013183594,127.47200012207031,139.4972381591797,0
53367.315293866,2,B,49.03972625732422,163.59242248535156,110.2164535522461,105.25436401367188,0
53367.315730731,2,B,85.87540435791016,125.19212341308594,152.4165496826172,82.6343994140625,0
53367.316953746,2,B,97.81123352050781,155.50108337402344,121.97347259521484,129.30484008789062,0
53367.31738149,2,B,97.76653289794922,167.43692016601562,179.19393920898438,130.8694610595703,0
53367.360604392,2,B,53.778297424316406,138.20083618164062,172.1307830810547,97.11833190917969,0
53367.36101838,2,B,25.928024291992188,144.3699188232422,131.94235229492188,126.39911651611328,0
53367.362202594,2,B,46.044593811035156,186.7935333251953,161.98309326171875,143.7887725830078,0
53367.362620185,2,B,5.096197605133057,146.0686492919922,126.62263488769531,85.54012298583984,0
53367.363661111,2,B,9.70065689086914,158.6303253173828,115.0891342163086,109.18827056884766,0
53367.364107966,2,B,96.51483154296875,181.74203491210938,148.3932342529297,96.35836791992188,0
53367.365238361,2,B,88.69171905517578,175.12591552734375,116.25142669677734,52.5489501953125,0
53367.365678952,2,B,95.93368530273438,145.576904296875,130.42242431640625,93.1844253540039,0
53367.366998774,2,B,23.692848205566406,54.15827560424805,94.25730895996094,62.607234954833984,0
53367.367619019,2,B,168.04042053222656,261.0907287597656,228.81480407714844,132.9705352783203,0
53367.410913065,2,B,93.6985092163086,169.44857788085938,126.26500701904297,100.6052017211914,0
53367.411414921,2,B,35.002830505371094,197.16473388671875,139.36312866210938,126.22029876708984,0
53367.412561847,2,B,35.76279067993164,225.59616088867188,185.85475158691406,135.20570373535156,0
53367.412981867,2,B,51.31960678100586,173.8742218017578,193.3202362060547,93.13971710205078,0
53367.415630263,2,B,22.172929763793945,228.63600158691406,115.31265258789062,151.96951293945312,0
53367.416071964,2,B,3.5762791633605957,218.93533325195312,101.85690307617188,93.98908233642578,0
53367.417170858,2,B,44.83760070800781,212.54273986816406,87.86470794677734,75.3924331665039,0
53367.417588513,2,B,22.12822723388672,161.84898376464844,124.25334930419922,55.946414947509766,0
53367.418719504,2,B,27.58205223083496,225.19383239746094,143.69937133789062,60.68498611450195,0
53367.41913311,2,B,7.465482711791992,244.8633575439453,166.4087371826172,124.02983093261719,0
53367.420286056,2,B,-39.07085037231445,230.91587829589844,204.36199951171875,142.8946990966797,0
53367.420705572,2,B,-7.912517547607422,229.2618408203125,163.59242248535156,107.26602172851562,0
53367.460689367,2,B,30.979516983032227,260.1966552734375,171.95196533203125,121.39232635498047,0
53367.461252674,2,B,24.005773544311523,236.28028869628906,180.98207092285156,128.0531463623047,0
53367.462928492,2,B,-17.076732635498047,228.4124755859375,190.7721405029297,109.76941680908203,0
53367.463510213,2,B,42.20009231567383,274.1888427734375,110.30586242675781,61.0426139831543,0
53367.46582157,2,B,59.545047760009766,264.8905334472656,157.06570434570312,56.929893493652344,0
53367.46635194,2,B,33.7064323425293,250.04896545410156,149.2425994873047,60.908504486083984,0
53367.467491124,2,B,35.71808624267578,220.2764434814453,127.15907287597656,125.10271453857422,0
53367.467907761,2,B,12.561680793762207,254.42990112304688,65.5129623413086,95.5984115600586,0
53367.469023681,2,B,-8.04662799835205,241.60000610351562,87.507080078125,62.11549758911133,0
53367.469438765,2,B,32.72295379638672,196.67300415039062,82.00855255126953,118.21837615966797,0
53367.511022041,2,B,52.79481887817383,220.99169921875,128.187255859375,98.9958724975586,0
53367.511514605,2,B,95.03961944580078,270.2996520996094,88.08822631835938,102.08041381835938,0
53367.512675981,2,B,8.49366283416748,191.3979949951172,163.32420349121094,31.091276168823242,0
53367.513098326,2,B,-15.109779357910156,214.37557983398438,108.24949645996094,93.67616271972656,0
53367.515652969,2,B,42.334205627441406,242.3152618408203,149.01907348632812,85.22720336914062,0
53367.516061096,2,B,8.404255867004395,209.18997192382812,137.3067626953125,107.71305847167969,0
53367.517309062,2,B,17.03203010559082,202.08212280273438,130.8247528076172,59.34387969970703,0
53367.517762881,2,B,60.439117431640625,242.49407958984375,191.9791259765625,85.49542236328125,0
53367.519009617,2,B,27.045610427856445,237.48728942871094,166.6322479248047,109.5458984375,0
53367.519452429,2,B,-3.397465229034424,229.79827880859375,147.85679626464844,130.42242431640625,0
53367.560709737,2,B,46.44692611694336,189.38633728027344,88.84818267822266,73.15725708007812,0
53367.561176806,2,B,11.980534553527832,299.08868408203125,97.20773315429688,111.8704833984375,0
53367.562412278,2,B,-15.556814193725586,204.8090362548828,116.7431640625,43.56354904174805,0
53367.562839653,2,B,18.95427894592285,192.15794372558594,156.97630310058594,75.61595153808594,0
53367.566152322,2,B,-5.811453342437744,241.5552978515625,104.13677978515625,91.44098663330078,0
53367.566737884,2,B,10.013581275939941,220.32115173339844,109.5458984375,27.15736961364746,0
53367.568362505,2,B,68.70925903320312,250.54071044921875,118.88893127441406,98.2806167602539,0
53367.568898219,2,B,31.515958786010742,246.78561401367188,125.77326965332031,75.52654266357422,0
53367.570314,2,B,48.995025634765625,192.4708709716797,56.035823822021484,77.0911636352539,0
53367.570848249,2,B,38.132076263427734,221.03640747070312,154.1599884033203,92.29035186767578,0
53367.611260232,2,B,18.060209274291992,256.6203918457031,114.91031646728516,108.56242370605469,0
53367.611828702,2,B,10.818243980407715,229.1277313232422,155.36697387695312,93.31853485107422,0
53367.613424051,2,B,-35.8074951171875,247.72438049316406,137.083251953125,43.92117691040039,0
53367.613977563,2,B,-38.48970413208008,237.04025268554688,150.76251220703125,67.70343017578125,0
53367.661231406,2,B,5.856156826019287,294.39483642578125,153.44473266601562,142.98411560058594,0
53367.661799434,2,B,71.7938003540039,201.94801330566406,118.26307678222656,78.20875549316406,0
53367.66344258,2,B,10.997057914733887,206.01602172851562,160.4631805419922,78.20875549316406,0
53367.663991149,2,B,62.80840301513672,249.64663696289062,170.4767608642578,72.8890380859375,0
53367.665610531,2,B,5.90086030960083,218.5777130126953,123.98512268066406,88.66937255859375,0
53367.666186917,2,B,14.26041316986084,184.11131286621094,137.2173614501953,97.11833190917969,0
53367.667844231,2,B,-16.763809204101562,238.2919464111328,155.4563751220703,75.3924331665039,0
53367.668371314,2,B,33.92994689941406,233.73219299316406,166.5428466796875,56.52756118774414,0
53367.710633502,2,B,26.95620346069336,201.76919555664062,131.85293579101562,70.69857025146484,0
53367.711030905,2,B,18.194320678710938,257.4697570800781,166.09580993652344,89.47402954101562,0
53367.712094757,2,B,-2.5928022861480713,259.97314453125,157.5127410888672,74.81128692626953,0
53367.712512965,2,B,-13.008715629577637,255.1898651123047,106.55076599121094,101.99101257324219,0
53367.713659961,2,B,43.40708923339844,209.23468017578125,71.54793548583984,100.4710922241211,0
53367.714125789,2,B,99.86759185791016,215.71669006347656,146.2921600341797,79.63926696777344,0
53367.715259123,2,B,4.649162769317627,225.32794189453125,121.34761810302734,117.14549255371094,0
53367.715679056,2,B,-33.84054183959961,250.4512939453125,116.25142669677734,88.13292694091797,0
53367.71686614,2,B,-1.7881395816802979,192.7390899658203,151.47776794433594,102.48274993896484,0
53367.717308844,2,B,5.587935924530029,216.78956604003906,171.14730834960938,127.87432861328125,0
53367.760662068,2,B,-29.191377639770508,179.05982971191406,121.48172760009766,85.9871597290039,0
53367.761107468,2,B,21.770599365234375,192.3814697265625,102.21453094482422,110.395263671875,0
53367.762700988,2,B,7.73370361328125,237.934326171875,146.1133575439453,108.83064270019531,0
53367.763181769,2,B,-49.03972625732422,154.02586364746094,142.98411560058594,113.70332336425781,0
53367.764338963,2,B,53.19715118408203,255.63690185546875,145.39810180664062,85.40601348876953,0
53367.76479439,2,B,2.4139883518218994,243.1646270751953,127.60610961914062,102.1698226928711,0
53367.766025591,2,B,-35.67338562011719,243.29873657226562,94.65963745117188,43.608253479003906,0
53367.76649844,2,B,7.73370361328125,191.57679748535156,104.58380889892578,104.4944076538086,0
53367.767763266,2,B,-40.54606628417969,246.47268676757812,166.90048217773438,120.72177124023438,0
53367.768223102,2,B,74.1183853149414,256.3521423339844,128.36607360839844,150.04725646972656,0
53367.810866649,2,B,-22.172929763793945,215.18023681640625,146.1133575439453,102.25923156738281,0
53367.811349503,2,B,-7.28666877746582,208.51942443847656,131.7188262939453,142.0900421142578,0
53367.812423413,2,B,24.676326751708984,238.0684356689453,117.81604766845703,137.53028869628906,0
53367.812799807,2,B,46.759849548339844,234.31333923339844,121.25821685791016,93.98908233642578,0
53367.813785277,2,B,-22.53055763244629,215.3590545654297,121.25821685791016,92.29035186767578,0
53367.814203582,2,B,-38.22148132324219,181.0267791748047,139.05020141601562,129.1707305908203,0
53367.815208849,2,B,36.70156478881836,252.95469665527344,127.60610961914062,100.78401947021484,0
53367.815577181,2,B,47.20688247680664,198.4611358642578,148.0355987548828,136.63621520996094,0
53367.816652758,2,B,47.69862365722656,228.3230743408203,169.5826873779297,181.3843994140625,0
53367.817039587,2,B,-39.33906936645508,211.3804473876953,143.43113708496094,26.352706909179688,0
53367.81817501,2,B,24.363401412963867,202.70797729492188,99.93464660644531,59.16506576538086,0
53367.818593571,2,B,-2.0563604831695557,171.9072723388672,134.6245574951172,79.72867584228516,0
53367.860931559,2,B,4.738569736480713,163.72653198242188,99.39820861816406,128.3213653564453,0
53367.861429424,2,B,57.622798919677734,213.79443359375,106.55076599121094,152.86358642578125,0
53367.862666507,2,B,46.53633117675781,202.4844512939453,120.76647186279297,109.76941680908203,0
53367.863102516,2,B,6.347895622253418,178.29986572265625,126.44381713867188,171.99667358398438,0
53367.86582363,2,B,41.216617584228516,173.65069580078125,200.651611328125,156.573974609375,0
53367.866356125,2,B,15.825035095214844,192.20265197753906,157.6468505859375,151.88009643554688,0
53367.867505581,2,B,20.608308792114258,205.07725524902344,162.02780151367188,128.67898559570312,0
53367.867932575,2,B,44.47997283935547,179.28334045410156,169.13565063476562,162.60894775390625,0
53367.869125632,2,B,-49.44205856323242,180.49034118652344,113.16688537597656,154.83053588867188,0
53367.869548325,2,B,25.570396423339844,193.05201721191406,133.1493377685547,90.14458465576172,0
53367.870729135,2,B,-19.177797317504883,214.73321533203125,121.03469848632812,174.99180603027344,0
53367.871156265,2,B,27.62675666809082,145.39810180664062,130.8247528076172,98.81706237792969,0
53367.911108269,2,B,17.03203010559082,217.4601287841797,119.42536926269531,140.6148223876953,0
53367.911717631,2,B,28.02908706665039,203.73614501953125,98.32532501220703,180.0880126953125,0
53367.913757198,2,B,60.170894622802734,222.64572143554688,152.10362243652344,127.20378112792969,0
53367.914415699,2,B,-15.825035095214844,195.7789306640625,142.62648010253906,156.7080841064453,0
53367.916146956,2,B,12.248756408691406,185.0948028564453,116.87727355957031,119.82770538330078,0
53367.916748143,2,B,-31.5606632232666,187.41937255859375,169.76150512695312,168.867431640625,0
53367.960847885,2,B,5.90086030960083,209.10057067871094,149.91314697265625,128.99191284179688,0
53367.961498034,2,B,60.215599060058594,193.99078369140625,143.7887725830078,230.06651306152344,0
53367.962852377,2,B,1.8328430652618408,214.68850708007812,146.42628479003906,159.70321655273438,0
53367.963311591,2,B,13.545157432556152,215.4931640625,134.44573974609375,183.97720336914062,0
53367.964452369,2,B,46.8045539855957,182.01025390625,131.80824279785156,133.32815551757812,0
53367.964921916,2,B,-17.47906494140625,172.22018432617188,137.12794494628906,187.32997131347656,0
53368.011222167,2,B,36.2545280456543,243.20933532714844,166.6322479248047,158.4962158203125,0
53368.011808909,2,B,-25.033954620361328,161.17843627929688,101.18634796142578,168.91213989257812,0
53368.013453956,2,B,25.346878051757812,182.05496215820312,116.56434631347656,170.4767608642578,0
53368.013961957,2,B,-9.566546440124512,213.6603240966797,122.06287384033203,204.63021850585938,0
53368.016005654,2,B,-29.236082077026367,203.87025451660156,141.64300537109375,187.28526306152344,0
53368.016522059,2,B,11.265278816223145,221.03640747070312,120.140625,206.7312774658203,0
53368.018120481,2,B,71.16795349121094,187.28526306152344,94.0337905883789,151.96951293945312,0
53368.018574487,2,B,-8.001924514770508,182.6361083984375,76.28650665283203,157.06570434570312,0
53368.020140054,2,B,-18.10491371154785,218.98004150390625,108.20479583740234,148.3932342529297,0
53368.020672405,2,B,41.97657775878906,243.1646270751953,198.63995361328125,212.5874481201172,0
53368.022221868,2,B,30.979516983032227,166.00640869140625,106.46135711669922,152.6400604248047,0
53368.022700081,2,B,59.14271545410156,156.52926635742188,116.34082794189453,147.32034301757812,0
53368.024519196,2,B,21.8153018951416,171.86256408691406,106.01432037353516,133.0599365234375,0
53368.025144402,2,B,-8.538366317749023,168.50979614257812,129.34954833984375,156.6633758544922,0
53368.06119335,2,B,-26.50916862487793,163.2794952392578,78.92401123046875,220.05291748046875,0
53368.061727321,2,B,-42.021278381347656,143.5652618408203,91.08335876464844,196.98593139648438,0
53368.111028882,2,B,-38.80262756347656,168.9568328857422,102.70626831054688,204.5408172607422,0
53368.11158792,2,B,-41.97657775878906,185.2736053466797,127.11437225341797,179.6856689453125,0
53368.11312705,2,B,-20.11656951904297,157.7809600830078,127.69551849365234,189.4310302734375,0
53368.113649344,2,B,40.00962448120117,184.06661987304688,90.18928527832031,218.26478576660156,0
53368.115219184,2,B,2.2351744174957275,138.33494567871094,104.40499877929688,232.435791015625,0
53368.115747008,2,B,-18.10491371154785,114.77620697021484,137.12794494628906,124.1192398071289,0
53368.161147148,2,B,8.404255867004395,180.4009246826172,124.34275817871094,197.254150390625,0
53368.161694013,2,B,2.1457674503326416,144.5934295654297,129.1707305908203,168.01806640625,0
53368.163237175,2,B,-48.056251525878906,155.8140106201172,81.9638442993164,174.23184204101562,0
53368.163759163,2,B,-123.51573944091797,116.0726089477539,77.31468200683594,77.98523712158203,0
53368.165370421,2,B,32.141807556152344,234.2686309814453,200.07046508789062,236.5485076904297,0
53368.165934139,2,B,-1.4752150774002075,180.3115234375,98.81706237792969,147.677978515625,0
53368.167509468,2,B,5.185604572296143,201.76919555664062,84.82486724853516,165.87229919433594,0
53368.168024594,2,B,-63.65776824951172,219.96351623535156,75.57125091552734,206.5077667236328,0
53368.211461169,2,B,48.771507263183594,224.79148864746094,139.31842041015625,146.60508728027344,0
53368.21210775,2,B,-7.554889678955078,213.74972534179688,115.84909057617188,143.83348083496094,0
53368.213945508,2,B,-47.20688247680664,193.99078369140625,90.63632202148438,170.0744171142578,0
53368.214533264,2,B,32.633548736572266,200.91983032226562,78.78990173339844,187.3746795654297,0
53368.216217907,2,B,24.005773544311523,241.91293334960938,73.20196533203125,199.1763916015625,0
53368.216765024,2,B,-22.441150665283203,189.47573852539062,93.58675384521484,179.64097595214844,0
53368.2184215,2,B,-6.616116523742676,259.3919982910156,86.92593383789062,171.14730834960938,0
53368.218941576,2,B,-38.355594635009766,199.35520935058594,34.93577575683594,153.31060791015625,0
53368.220569936,2,B,-52.616004943847656,183.8430938720703,87.90940856933594,129.3942413330078,0
53368.221164913,2,B,-24.09518051147461,231.04998779296875,112.0492935180664,147.40975952148438,0
53368.260661355,2,B,-18.283727645874023,267.93035888671875,83.93080139160156,208.25120544433594,0
53368.261087803,2,B,-28.833749771118164,177.09286499023438,8.471311569213867,168.33099365234375,0
53368.262265942,2,B,20.78712272644043,190.45921325683594,85.27190399169922,135.42921447753906,0
53368.262878254,2,B,9.432435989379883,243.7457733154297,84.1543197631836,155.8587188720703,0
53368.264499,2,B,-28.878454208374023,233.01693725585938,65.11063385009766,140.2572021484375,0
53368.265030418,2,B,5.2750115394592285,191.57679748535156,94.16790008544922,198.55055236816406,0
53368.266311335,2,B,-22.843482971191406,172.7566375732422,75.16891479492188,179.28334045410156,0
53368.266788839,2,B,-22.798778533935547,232.39108276367188,52.41484069824219,178.21046447753906,0
53368.267991879,2,B,-36.56745529174805,176.86935424804688,89.33992004394531,100.02405548095703,0
53368.268464163,2,B,-8.583069801330566,254.6087188720703,115.2232437133789,177.40579223632812,0
53368.311045132,2,B,-22.888185501098633,258.5426330566406,69.89390563964844,134.4010467529297,0
53368.311522664,2,B,-37.59563446044922,183.97720336914062,108.38360595703125,152.4165496826172,0
53368.312783896,2,B,-41.44013595581055,158.85385131835938,45.441097259521484,204.98785400390625,0
53368.313231508,2,B,-15.7803316116333,187.46408081054688,69.22335052490234,150.0025634765625,0
53368.31443777,2,B,-34.46638870239258,154.2493896484375,52.14662170410156,201.14334106445312,0
53368.31490014,2,B,-22.53055763244629,176.1540985107422,90.50221252441406,232.03346252441406,0
53368.316096615,2,B,-37.193302154541016,211.82748413085938,119.02304077148438,200.83042907714844,0
53368.316511566,2,B,-13.723971366882324,194.61663818359375,16.473236083984375,180.04330444335938,0
53368.317687812,2,B,-32.90176773071289,169.35916137695312,94.8831558227539,146.82861328125,0
53368.318157541,2,B,-81.98619842529297,203.8255615234375,85.67424011230469,205.8819122314453,0
53368.360649804,2,B,-0.4023314118385315,229.9770965576172,53.30891036987305,192.3814697265625,0
53368.361089067,2,B,-79.57221221923828,187.7322998046875,73.47018432617188,103.68974304199219,0
53368.362166338,2,B,-36.70156478881836,206.68658447265625,146.38157653808594,139.0054931640625,0
53368.362585192,2,B,-52.481895446777344,226.49021911621094,117.36901092529297,155.1881561279297,0
53368.363639627,2,B,-20.29538345336914,195.95774841308594,76.01828002929688,157.02101135253906,0
53368.364078721,2,B,-18.99898338317871,184.2007293701172,71.01148986816406,129.61776733398438,0
53368.365178743,2,B,-7.689000129699707,206.91009521484375,123.4933853149414,175.84117126464844,0
53368.365616633,2,B,6.07967472076416,192.15794372558594,69.6703872680664,108.7412338256836,0
53368.366892801,2,B,-17.300251007080078,202.4844512939453,100.64990234375,166.05111694335938,0
53368.367347344,2,B,-46.31281280517578,231.04998779296875,96.22425842285156,189.69924926757812,0
53368.410708498,2,B,21.591785430908203,253.4017333984375,134.982177734375,186.1676788330078,0
53368.411167208,2,B,-33.304100036621094,220.142333984375,46.06694412231445,206.82069396972656,0
53368.412274716,2,B,13.455750465393066,190.63803100585938,95.86663055419922,156.9315948486328,0
53368.412694956,2,B,-18.239023208618164,212.0063018798828,95.15137481689453,193.49905395507812,0
53368.413748658,2,B,-29.906633377075195,155.27757263183594,110.2164535522461,176.1540985107422,0
53368.41424045,2,B,-45.821075439453125,177.9869384765625,87.14945220947266,127.42729187011719,0
53368.4153571,2,B,8.583069801330566,271.4619445800781,162.60894775390625,228.0548553466797,0
53368.415797841,2,B,-116.3631820678711,202.5738525390625,86.88123321533203,144.0122833251953,0
53368.416916496,2,B,-77.3370361328125,218.84593200683594,78.83460235595703,128.0531463623047,0
53368.417360508,2,B,-129.28248596191406,150.40489196777344,50.224369049072266,125.95207977294922,0
53368.461169173,2,B,40.54606628417969,285.32000732421875,110.3505630493164,220.32115173339844,0
53368.461713141,2,B,-65.53531646728516,163.32420349121094,67.30110168457031,218.6671142578125,0
53368.463258046,2,B,-131.8752899169922,145.17457580566406,-1.9446017742156982,252.6417694091797,0
53368.463760669,2,B,-111.6693115234375,140.43600463867188,63.680118560791016,205.747802734375,0
53368.511123011,2,B,-57.533390045166016,171.99667358398438,39.98727035522461,197.92469787597656,0
53368.511661719,2,B,-76.93470764160156,168.68861389160156,19.513072967529297,225.7302703857422,0
53368.513211955,2,B,-94.77139282226562,173.2483673095703,16.160310745239258,228.63600158691406,0
53368.513744299,2,B,-38.26618576049805,195.9130401611328,9.007753372192383,293.2772521972656,0
53368.515313007,2,B,-111.6246109008789,133.1940460205078,33.14763641357422,234.31333923339844,0
53368.515853902,2,B,-72.64317321777344,133.95401000976562,8.381904602050781,222.4669189453125,0
53368.517406473,2,B,-66.11646270751953,192.96261596679688,46.826904296875,213.5709228515625,0
53368.51795232,2,B,-71.83850860595703,148.4379425048828,29.61606216430664,242.49407958984375,0
53368.519675078,2,B,-117.1678466796875,131.3612060546875,29.83957862854004,227.83132934570312,0
53368.520525826,2,B,-107.86952209472656,183.79840087890625,-18.082561492919922,193.99078369140625,0
53368.561421973,2,B,-93.78791809082031,206.4630584716797,62.74134826660156,265.918701171875,0
53368.562108795,2,B,-134.4233856201172,161.5807647705078,41.5518913269043,229.48536682128906,0
53368.563784049,2,B,-104.9190902709961,156.7974853515625,90.8598403930664,236.63792419433594,0
53368.564332718,2,B,-94.54788208007812,161.93838500976562,34.66755676269531,249.11019897460938,0
53368.565989578,2,B,-146.98507690429688,145.62161254882812,64.12715148925781,282.5931091308594,0
53368.566507335,2,B,-101.8792495727539,175.5282440185547,23.759904861450195,269.62908935546875,0
53368.568058566,2,B,-142.02297973632812,182.41258239746094,40.12137985229492,244.5951385498047,0
53368.568579555,2,B,-42.065982818603516,157.11041259765625,54.4712028503418,232.25697326660156,0
53368.570200594,2,B,-70.54210662841797,163.19007873535156,40.16608428955078,228.01014709472656,0
53368.570725646,2,B,-76.44296264648438,183.708984375,-1.5422704219818115,192.96261596679688,0
53368.610646814,2,B,-125.12506866455078,180.89266967773438,46.290462493896484,260.06256103515625,0
53368.61105442,2,B,-161.871337890625,147.677978515625,26.93385124206543,238.20254516601562,0
53368.612170554,2,B,-144.079345703125,169.0015411376953,28.54317855834961,178.29986572265625,0
53368.612589361,2,B,-58.695682525634766,174.32125854492188,27.783218383789062,213.4368133544922,0
53368.613663696,2,B,-61.69081497192383,136.27857971191406,18.12726402282715,257.3803405761719,0
53368.614295367,2,B,-52.79481887817383,126.488525390625,33.684078216552734,247.1432342529297,0
53368.615904917,2,B,-71.21265411376953,187.95582580566406,20.496549606323242,281.9672546386719,0
53368.616555765,2,B,-144.39227294921875,130.69064331054688,20.7647705078125,239.94598388671875,0
53368.617856138,2,B,-128.92486572265625,125.99678039550781,6.057322978973389,204.94314575195312,0
53368.618367623,2,B,-34.77931594848633,155.9481201171875,59.38858413696289,205.92662048339844,0
53368.661093558,2,B,-55.11940002441406,179.5962677001953,15.757979393005371,231.18409729003906,0
53368.661575398,2,B,-74.9677505493164,153.22120666503906,-18.97663116455078,194.9295654296875,0
53368.662857869,2,B,-76.75588989257812,184.02191162109375,4.224479675292969,214.7779083251953,0
53368.663284979,2,B,-110.50702667236328,142.53707885742188,44.502323150634766,215.3590545654297,0
53368.664381494,2,B,-91.37393188476562,135.92095947265625,11.108817100524902,251.926513671875,0
53368.664791751,2,B,-109.70236206054688,148.30381774902344,39.13790512084961,247.27734375,0
53368.665999266,2,B,-82.47793579101562,185.5418243408203,47.54216003417969,246.5620880126953,0
53368.66644687,2,B,-112.78690338134766,123.89572143554688,38.19913101196289,182.7702178955078,0
53368.667722526,2,B,-134.91513061523438,157.06570434570312,38.95909118652344,219.96351623535156,0
53368.668249152,2,B,-126.9132080078125,175.08120727539062,39.584938049316406,227.11607360839844,0
53368.710699705,2,B,-104.42735290527344,156.573974609375,-11.734665870666504,275.6193542480469,0
53368.711180301,2,B,-118.8218765258789,198.86346435546875,-40.65782165527344,230.55824279785156,0
53368.712286157,2,B,-71.43617248535156,184.4242401123047,43.29533004760742,246.2938690185547,0
53368.712741548,2,B,-69.69274139404297,176.064697265625,-11.868776321411133,210.6204833984375,0
53368.714022596,2,B,-66.51879119873047,149.06378173828125,15.668572425842285,190.1909942626953,0
53368.714474534,2,B,-100.62755584716797,151.7012939453125,21.83765411376953,220.81288146972656,0
53368.715660045,2,B,-71.83850860595703,176.55642700195312,7.934869289398193,203.37852478027344,0
53368.716130572,2,B,-89.71990203857422,198.37173461914062,37.439170837402344,175.84117126464844,0
53368.717337443,2,B,-143.3193817138672,158.94325256347656,-5.386770248413086,207.04420471191406,0
53368.717785381,2,B,-96.38072204589844,190.1909942626953,7.934869289398193,197.254150390625,0
53368.810814695,2,B,-77.24762725830078,206.8654022216797,50.492591857910156,274.72528076171875,0
53368.811281759,2,B,-121.05704498291016,149.01907348632812,-35.427513122558594,198.77406311035156,0
53368.812322307,2,B,-126.9579086303711,165.38055419921875,8.96304988861084,241.73411560058594,0
53368.812760098,2,B,-73.49253845214844,168.9568328857422,13.165177345275879,231.40760803222656,0
53368.813819227,2,B,-72.46435546875,208.29591369628906,11.108817100524902,260.6883850097656,0
53368.814297358,2,B,-120.3864974975586,160.64198303222656,28.54317855834961,275.7981872558594,0
53368.815526685,2,B,-115.73733520507812,184.6924591064453,38.512054443359375,220.3658447265625,0
53368.815975829,2,B,-152.03656005859375,156.88690185546875,21.122398376464844,255.1898651123047,0
53368.817104806,2,B,-87.61883544921875,195.6448211669922,55.27586364746094,240.03538513183594,0
53368.817546043,2,B,-57.3992805480957,168.50979614257812,2.346933126449585,209.23468017578125,0
53368.860639611,2,B,-85.02603912353516,176.69053649902344,13.075770378112793,226.66903686523438,0
53368.861051015,2,B,-111.84812927246094,138.46905517578125,11.645258903503418,226.66903686523438,0
53368.862143429,2,B,-66.9211196899414,120.27473449707031,-5.9679155349731445,182.7702178955078,0
53368.862567754,2,B,-91.68685913085938,159.3455810546875,-6.459654331207275,268.33270263671875,0
53368.863686681,2,B,-133.6187286376953,135.384521484375,6.549061298370361,193.40963745117188,0
53368.864131716,2,B,-140.45835876464844,109.41178894042969,-1.5869739055633545,246.9197235107422,0
53368.865241602,2,B,-71.03384399414062,156.0822296142578,34.93577575683594,214.643798828125,0
53368.865687176,2,B,-122.17463684082031,121.52643585205078,5.654991149902344,222.6904296875,0
53368.867005005,2,B,-109.74706268310547,200.5175018310547,14.327467918395996,241.4211883544922,0
53368.867475624,2,B,-49.26324462890625,186.9723358154297,70.56446075439453,249.37841796875,0
53368.869427594,2,B,1.51991868019104,211.29104614257812,25.19041633605957,304.7660217285156,0
53368.86999856,2,B,-28.07379150390625,201.45626831054688,72.35260009765625,277.6310119628906,0
53368.911214025,2,B,52.437191009521484,225.3726348876953,77.04646301269531,322.6474304199219,0
53368.911714183,2,B,17.166139602661133,231.18409729003906,49.24089431762695,295.06536865234375,0
53368.912886325,2,B,-56.684024810791016,216.342529296875,43.02710723876953,267.7962646484375,0
53368.913332314,2,B,0.9834767580032349,227.6972198486328,58.98625183105469,341.1993713378906,0
53368.9144892,2,B,-8.359552383422852,230.46884155273438,57.913368225097656,362.0758972167969,0
53368.914931403,2,B,36.165122985839844,212.98977661132812,15.355648040771484,311.7397766113281,0
53368.916059308,2,B,-22.843482971191406,195.37660217285156,3.822148323059082,289.6115417480469,0
53368.916531222,2,B,21.278860092163086,205.92662048339844,18.708410263061523,338.8301086425781,0
53368.917865174,2,B,-28.878454208374023,250.49600219726562,24.832788467407227,280.8943786621094,0
53368.918324211,2,B,25.793912887573242,222.8245391845703,146.9627227783203,295.69122314453125,0
53368.96062103,2,B,2.3245813846588135,201.90330505371094,-8.247794151306152,270.70196533203125,0
53368.961036509,2,B,43.67530822753906,178.43397521972656,64.35066986083984,307.5823669433594,0
53368.962135884,2,B,1.4752150774002075,247.54556274414062,58.71803283691406,334.89617919921875,0
53368.962931862,2,B,11.444092750549316,190.6827392578125,50.62670135498047,264.30938720703125,0
53368.964514702,2,B,-68.70925903320312,208.47471618652344,33.639373779296875,306.8223876953125,0
53368.965050705,2,B,-7.510186195373535,242.44937133789062,71.9949722290039,318.2664794921875,0
53368.966369874,2,B,-5.856156826019287,193.76727294921875,17.769636154174805,341.0652770996094,0
53368.966854154,2,B,-5.677342891693115,177.763427734375,20.004812240600586,269.9420166015625,0
53368.968051786,2,B,14.841558456420898,214.7779083251953,29.16902732849121,351.5705871582031,0
53368.968507985,2,B,18.417837142944336,200.20457458496094,63.59071350097656,336.6396179199219,0
53369.011420317,2,B,-27.894977569580078,200.7410125732422,60.863800048828125,314.0196533203125,0
53369.012080362,2,B,-16.048553466796875,258.2297058105469,23.357572555541992,347.0108337402344,0
53369.013605224,2,B,4.24683141708374,186.1229705810547,38.3332405090332,316.74658203125,0
53369.014134957,2,B,-58.203941345214844,208.60882568359375,36.589805603027344,289.11981201171875,0
53369.01562929,2,B,-17.300251007080078,211.06752014160156,9.678305625915527,293.76898193359375,0
53369.01612836,2,B,43.45178985595703,204.8090362548828,97.47595977783203,330.20233154296875,0
53369.061304218,2,B,3.397465229034424,248.8419647216797,75.70536041259766,320.5016784667969,0
53369.061962178,2,B,1.4752150774002075,213.39210510253906,67.1222915649414,345.49090576171875,0
53369.063600284,2,B,-18.417837142944336,163.77122497558594,32.03004837036133,256.88861083984375,0
53369.064115449,2,B,81.80738830566406,229.1277313232422,135.7421417236328,360.5559997558594,0
53369.065619815,2,B,35.98630905151367,207.80416870117188,30.28661346435547,296.31707763671875,0
53369.066155022,2,B,43.004756927490234,182.90432739257812,16.83086395263672,258.4979248046875,0
53369.067656895,3,T,5.543232440948486,178.9704132080078,-36.27688217163086,227.02667236328125,0
53369.068161384,3,T,8.806587219238281,200.69631958007812,-3.866851806640625,275.3958435058594,0
53369.111098276,3,T,-8.717180252075195,150.40489196777344,-24.475160598754883,187.7322998046875,0
53369.111735498,3,T,38.7579231262207,123.04635620117188,-35.15929412841797,212.945068359375,0
53369.113097252,3,T,21.8153018951416,208.9217529296875,-27.023258209228516,195.82363891601562,0
53369.113617804,3,T,66.02705383300781,151.7906951904297,3.2857065200805664,183.8430938720703,0
53369.115053343,3,T,-29.101970672607422,223.89743041992188,-61.757869720458984,143.25233459472656,0
53369.11558796,3,T,15.556814193725586,227.5631103515625,23.446979522705078,213.12388610839844,0
53369.116924177,3,T,26.196245193481445,190.9956512451172,-29.928985595703125,228.09954833984375,0
53369.117426426,3,T,-14.483930587768555,181.42910766601562,-78.07464599609375,269.2714538574219,0
53369.119490436,3,T,-16.674402236938477,198.05880737304688,-26.93385124206543,175.17062377929688,0
53369.1200746,3,T,20.384790420532227,260.3307800292969,-24.609270095825195,237.75550842285156,0
53369.210661195,3,T,1.698732614517212,140.07838439941406,-23.22346305847168,241.5552978515625,0
53369.211110685,3,T,-49.03972625732422,187.3746795654297,-17.948450088500977,246.9644317626953,0
53369.212161205,3,T,37.41682052612305,217.77304077148438,18.842519760131836,225.55145263671875,0
53369.212556806,3,T,36.74626922607422,162.2960205078125,12.852252960205078,197.79058837890625,0
53369.213651804,3,T,38.132076263427734,221.30462646484375,-37.30506134033203,248.6184539794922,0
53369.214101397,3,T,66.25057220458984,219.91880798339844,-22.821130752563477,253.2676239013672,0
53369.215209497,3,T,44.65878677368164,194.7954559326172,-31.672422409057617,196.5388946533203,0
53369.215623126,3,T,-4.023313999176025,183.30665588378906,4.5821075439453125,271.55133056640625,0
53369.216720845,3,T,12.204052925109863,162.1619110107422,-25.458637237548828,277.0945739746094,0
53369.217133191,3,T,48.45858383178711,187.68759155273438,38.95909118652344,280.1791076660156,0
53369.260766703,3,T,-34.108760833740234,111.1999282836914,35.24869918823242,179.3280487060547,0
53369.261206721,3,T,-5.3644185066223145,148.92967224121094,-16.78615951538086,204.45140075683594,0
53369.262390451,3,T,19.133092880249023,194.52723693847656,-28.587881088256836,262.20831298828125,0
53369.26281927,3,T,4.827976703643799,144.8616485595703,-48.88326644897461,256.88861083984375,0
53369.263960839,3,T,20.161273956298828,172.62252807617188,-26.53152084350586,203.64674377441406,0
53369.264405144,3,T,-3.397465229034424,191.0403594970703,4.984438896179199,249.55722045898438,0
53369.265506506,3,T,-17.43436050415039,195.153076171875,-3.688037872314453,266.7233581542969,0
53369.266010031,3,T,31.1583309173584,171.0579071044922,-98.01239776611328,207.3124237060547,0
53369.267193126,3,T,31.292442321777344,185.00538635253906,20.1389217376709,230.0218048095703,0
53369.267794878,3,T,-7.107854843139648,164.8441162109375,-25.726858139038086,187.1064453125,0
53369.269603451,3,T,53.510074615478516,186.70411682128906,43.2059211730957,212.095703125,0
53369.270310695,3,T,87.57413482666016,175.662353515625,-6.3255438804626465,120.27473449707031,0
53369.311357705,3,T,51.45371627807617,211.6039581298828,-6.906689167022705,123.4933853149414,0
53369.311993347,3,T,107.33307647705078,215.80609130859375,63.45660400390625,102.43804168701172,0
53369.313741162,3,T,43.183570861816406,127.24848175048828,61.4449462890625,142.00062561035156,0
53369.314314869,3,T,60.6179313659668,170.6555633544922,-12.896956443786621,164.21826171875,0
53369.315918522,3,T,-14.171006202697754,201.4115753173828,12.002886772155762,119.87240600585938,0
53369.316445967,3,T,59.45563888549805,216.1190185546875,47.89978790283203,215.00143432617188,0
53369.31803545,3,T,34.86872100830078,103.6450424194336,26.576223373413086,129.5283660888672,0
53369.318565982,3,T,23.379924774169922,153.08709716796875,4.045665740966797,166.76637268066406,0
53369.320172913,3,T,33.57231903076172,190.8168487548828,28.900806427001953,181.96554565429688,0
53369.32070191,3,T,46.089298248291016,188.93930053710938,69.62568664550781,188.62637329101562,0
53369.360657007,3,T,15.646221160888672,136.41268920898438,-4.671514511108398,154.56231689453125,0
53369.361057961,3,T,87.30591583251953,157.69155883789062,-14.99802017211914,107.26602172851562,0
53369.362160049,3,T,48.5032844543457,200.91983032226562,46.558685302734375,156.48455810546875,0
53369.362551925,3,T,66.11646270751953,183.79840087890625,4.85032844543457,158.22799682617188,0
53369.363769494,3,T,40.41195297241211,158.89854431152344,18.619003295898438,191.9791259765625,0
53369.364408221,3,T,59.23212432861328,158.18328857421875,-14.014543533325195,161.0443115234375,0
53369.366091331,3,T,76.08533477783203,163.72653198242188,30.95716667175293,113.30099487304688,0
53369.366687457,3,T,9.030104637145996,171.99667358398438,46.60338592529297,150.3601837158203,0
53369.367976668,3,T,42.55772018432617,149.376708984375,16.696752548217773,182.36788940429688,0
53369.368456677,3,T,71.97261810302734,193.3202362060547,77.04646301269531,235.1179962158203,0
53369.410848692,3,T,38.087371826171875,183.12783813476562,-61.26613235473633,115.84909057617188,0
53369.411345036,3,T,49.97850036621094,147.0521240234375,-20.630661010742188,201.4115753173828,0
53369.412478686,3,T,42.736534118652344,148.92967224121094,1.8998982906341553,163.19007873535156,0
53369.412959567,3,T,38.71322250366211,154.51760864257812,-19.155445098876953,177.2269744873047,0
53369.414233031,3,T,46.31281280517578,156.0822296142578,20.183626174926758,108.11538696289062,0
53369.414715114,3,T,99.46526336669922,205.8819122314453,29.43724822998047,152.774169921875,0
53369.415955061,3,T,14.618041038513184,159.52439880371094,12.092293739318848,192.64968872070312,0
53369.416398842,3,T,54.09122085571289,201.76919555664062,-32.07475280761719,147.72267150878906,0
53369.417586151,3,T,105.14260864257812,221.841064453125,30.95716667175293,164.39707946777344,0
53369.418053206,3,T,104.82968139648438,196.7624053955078,33.99700164794922,182.32318115234375,0
53369.460702774,3,T,5.632639408111572,202.9761962890625,0.06705523282289505,153.44473266601562,0
53369.461155004,3,T,49.93379592895508,169.89561462402344,6.817282199859619,137.70909118652344,0
53369.462281606,3,T,30.979516983032227,208.51942443847656,55.365272521972656,176.01998901367188,0
53369.462701349,3,T,68.21752166748047,187.8217010498047,47.76567840576172,114.95502471923828,0
53369.463848488,3,T,65.49060821533203,163.32420349121094,19.64718246459961,172.30960083007812,0
53369.464297233,3,T,50.8725700378418,176.9140625,60.41676712036133,201.05393981933594,0
53369.465411891,3,T,132.63525390625,151.12014770507812,19.155445098876953,179.86448669433594,0
53369.4658606,3,T,73.93956756591797,187.77700805664062,44.63643264770508,158.67503356933594,0
53369.467050367,3,T,76.93470764160156,174.7235870361328,8.158387184143066,116.25142669677734,0
53369.467470925,3,T,58.427459716796875,192.29205322265625,18.887224197387695,163.0112762451172,0
53369.610673158,3,T,53.24185562133789,127.15907287597656,-2.9280784130096436,141.06185913085938,0
53369.611081781,3,T,35.181644439697266,118.30778503417969,46.335166931152344,145.88983154296875,0
53369.612147188,3,T,60.215599060058594,207.3571319580078,29.258434295654297,121.12409973144531,0
53369.612538942,3,T,24.631622314453125,117.50312042236328,-29.61606216430664,185.72064208984375,0
53369.613616478,3,T,12.114645957946777,166.36402893066406,-9.901823043823242,176.4223175048828,0
53369.614073935,3,T,43.854122161865234,191.17446899414062,51.78899002075195,141.1065673828125,0
53369.6151602,3,T,82.47793579101562,187.55348205566406,-6.772578716278076,170.11912536621094,0
53369.615569223,3,T,20.921232223510742,190.10159301757812,55.58878707885742,121.16880798339844,0
53369.616677196,3,T,66.33998107910156,164.57589721679688,31.225387573242188,165.5593719482422,0
53369.617090727,3,T,132.18821716308594,218.39889526367188,31.1359806060791,189.02870178222656,0
53369.66070071,3,T,83.99785614013672,163.19007873535156,1.452863335609436,193.0967254638672,0
53369.661130327,3,T,83.64022827148438,191.8450164794922,-30.599538803100586,174.00833129882812,0
53369.662237732,3,T,102.95213317871094,178.16575622558594,39.674346923828125,186.48060607910156,0
53369.662625534,3,T,72.46435546875,177.53990173339844,-19.20014762878418,132.16586303710938,0
53369.663654488,3,T,56.5946159362793,220.99169921875,18.171968460083008,142.58177185058594,0
53369.664057465,3,T,125.43798828125,168.50979614257812,19.513072967529297,213.30270385742188,0
53369.6651207,3,T,78.05229187011719,173.7401123046875,0.5587936043739319,163.32420349121094,0
53369.665528563,3,T,4.559755802154541,228.0548553466797,75.03480529785156,176.2882080078125,0
53369.6666255,3,T,81.85208892822266,177.45050048828125,55.767601013183594,184.6924591064453,0
53369.667041143,3,T,35.36045837402344,150.04725646972656,11.82407283782959,217.41542053222656,0
53369.66815403,3,T,77.96288299560547,177.36109924316406,-14.774502754211426,269.8973083496094,0
53369.668561379,3,T,119.93946075439453,170.25323486328125,47.318641662597656,254.474609375,0
53369.710972555,3,T,58.06983184814453,183.88780212402344,-6.817282199859619,270.47845458984375,0
53369.711508974,3,T,31.739477157592773,181.2502899169922,-11.108817100524902,327.69891357421875,0
53369.712700311,3,T,108.49536895751953,152.9082794189453,28.587881088256836,264.219970703125,0
53369.713116606,3,T,116.67610931396484,171.37081909179688,39.406124114990234,267.3939208984375,0
53369.714333093,3,T,119.80535125732422,160.4631805419922,15.221537590026855,282.011962890625,0
53369.714775121,3,T,78.0075912475586,157.19981384277344,-35.47221755981445,247.0538330078125,0
53369.715927282,3,T,59.18741989135742,186.48060607910156,20.31773567199707,254.2510986328125,0
53369.716383623,3,T,82.79086303710938,207.2230224609375,-29.16902732849121,226.2220001220703,0
53369.717648779,3,T,77.64996337890625,157.37863159179688,56.48285675048828,267.8409423828125,0
53369.718159369,3,T,104.74027252197266,219.47177124023438,5.252659797668457,267.3939208984375,0
53369.76064047,3,T,97.05127716064453,182.68080139160156,-13.47810173034668,254.92164611816406,0
53369.761068643,3,T,72.4196548461914,159.16677856445312,18.082561492919922,298.105224609375,0
53369.762752401,3,T,89.6304931640625,118.30778503417969,15.89208984375,318.7135314941406,0
53369.763454862,3,T,81.44976043701172,149.8684539794922,-38.91438674926758,284.9176940917969,0
53369.764964741,3,T,101.34281158447266,175.662353515625,-23.22346305847168,262.7000427246094,0
53369.76550237,3,T,61.10966873168945,200.7857208251953,-6.772578716278076,286.8399353027344,0
53369.766768404,3,T,81.67327117919922,126.89085388183594,41.5071907043457,266.0975036621094,0
53369.767217225,3,T,62.89780807495117,104.89673614501953,3.1515960693359375,234.58155822753906,0
53369.768412178,3,T,81.94149780273438,158.45152282714844,18.79781723022461,218.7565155029297,0
53369.76885513,3,T,112.87631225585938,129.30484008789062,-1.5869739055633545,238.47076416015625,0
53369.811050861,3,T,34.86872100830078,141.73240661621094,-56.572265625,238.47076416015625,0
53369.811577872,3,T,74.29719543457031,183.5748748779297,18.931926727294922,256.88861083984375,0
53369.812782012,3,T,77.87347412109375,163.72653198242188,22.195281982421875,282.6378173828125,0
53369.813231461,3,T,96.29131317138672,136.23388671875,-47.85508346557617,231.4523162841797,0
53369.814567417,3,T,143.00645446777344,118.6207046508789,3.553927421569824,294.75244140625,0
53369.815030923,3,T,94.503173828125,157.2892303466797,10.93000316619873,295.9594421386719,0
53369.816208878,3,T,84.93663024902344,183.39605712890625,27.917327880859375,245.7127227783203,0
53369.816653079,3,T,92.71503448486328,169.76150512695312,57.8239631652832,192.11325073242188,0
53369.817854,3,T,59.14271545410156,155.05404663085938,4.179776191711426,244.41632080078125,0
53369.818315061,3,T,79.75102233886719,205.56900024414062,54.96294021606445,319.3393859863281,0
53369.910672938,3,T,74.34190368652344,145.2639923095703,-13.92513656616211,319.83111572265625,0
53369.91106338,3,T,61.512001037597656,208.1617889404297,7.219613552093506,240.3483123779297,0
53369.912138671,3,T,124.76744079589844,182.94903564453125,-7.621944904327393,262.118896484375,0
53369.912536627,3,T,50.470237731933594,186.57000732421875,-34.93577575683594,196.7624053955078,0
53369.913667677,3,T,43.54119873046875,170.3426513671875,-8.20309066772461,279.0168151855469,0
53369.914155457,3,T,71.88320922851562,149.4661102294922,11.82407283782959,295.15478515625,0
53369.916028534,3,T,62.89780807495117,121.57113647460938,206.21719360351562,118.3971939086914,0
53369.917303438,3,T,88.28939056396484,121.16880798339844,128.388427734375,133.10464477539062,0
53369.917756712,3,T,78.2311019897461,127.96373748779297,151.32130432128906,210.84400939941406,0
53369.961159551,3,T,119.44772338867188,146.56039428710938,225.48440551757812,192.82850646972656,0
53369.96167524,3,T,47.788028717041016,116.65375518798828,209.1229248046875,113.92684173583984,0
53369.963223703,3,T,136.07742309570312,114.2397689819336,192.00148010253906,161.98309326171875,0
53369.963740041,3,T,111.71401977539062,136.3232879638672,117.52547454833984,136.90443420410156,0
53369.96520314,3,T,109.74706268310547,139.67605590820312,163.16773986816406,150.49429321289062,0
53369.965689369,3,T,88.69171905517578,150.4495849609375,169.1580047607422,129.2601318359375,0
53369.967248189,3,T,68.88807678222656,169.49327087402344,143.4534912109375,120.31944274902344,0
53369.967774892,3,T,90.12223052978516,135.20570373535156,181.85379028320312,156.52926635742188,0
53369.969399665,3,T,120.78882598876953,81.20388793945312,159.4573516845703,116.56434631347656,0
53369.970037681,3,T,66.7870101928711,136.05506896972656,203.31146240234375,138.60316467285156,0
53369.972091469,3,T,33.7064323425293,112.58573913574219,159.85968017578125,78.96871185302734,0
53369.972849877,3,T,44.56937789916992,161.84898376464844,176.31056213378906,161.7595672607422,0
53370.010867601,3,T,41.887168884277344,129.61776733398438,153.9141082763672,142.44766235351562,0
53370.011362985,3,T,80.60038757324219,153.98117065429688,174.65652465820312,134.93748474121094,0
53370.012488226,3,T,74.43131256103516,81.87444305419922,222.44456481933594,46.469276428222656,0
53370.012900824,3,T,69.1115951538086,119.2465591430664,197.1423797607422,185.45242309570312,0
53370.014059869,3,T,7.197261810302734,33.28174591064453,212.6544952392578,199.0869903564453,0
53370.014505365,3,T,44.3011589050293,87.01534271240234,239.87892150878906,91.21746826171875,0
53370.015669438,3,T,90.25634765625,93.72086334228516,199.15403747558594,123.89572143554688,0
53370.016111473,3,T,-6.571413040161133,93.54205322265625,213.95089721679688,106.01432037353516,0
53370.017299068,3,T,52.16897201538086,145.1298828125,179.21629333496094,183.12783813476562,0
53370.017782593,3,T,47.877437591552734,94.65963745117188,182.3008270263672,166.98988342285156,0
53370.060664325,3,T,57.04165267944336,131.31649780273438,141.7547607421875,99.88994598388672,0
53370.061064312,3,T,56.10287857055664,116.83256530761719,149.0414276123047,111.55755615234375,0
53370.062197609,3,T,22.30704116821289,109.94823455810547,162.67599487304688,103.06389617919922,0
53370.062597909,3,T,69.916259765625,126.04148864746094,191.01800537109375,156.26104736328125,0
53370.063712269,3,T,33.438209533691406,106.3719482421875,163.570068359375,85.71894073486328,0
53370.064170286,3,T,38.44499969482422,138.2902374267578,177.3387451171875,93.0503158569336,0
53370.065906213,3,T,72.82198333740234,123.67220306396484,183.4184112548828,155.1881561279297,0
53370.066508595,3,T,32.00769805908203,69.93860626220703,163.7935791015625,134.4010467529297,0
53370.067870948,3,T,36.388641357421875,104.80732727050781,155.70225524902344,61.757869720458984,0
53370.068318954,3,T,44.077640533447266,146.9627227783203,215.15789794921875,60.28265380859375,0
53370.110988634,3,T,54.35944366455078,158.67503356933594,174.79063415527344,163.9947509765625,0
